archivo,semana,fecha,fecha_original,fecha_corregida,trabajador,kilos,tarifa_kg
Semana 31 Cosecha Paltas.xlsx,31,2026-07-29,2027-07-29,True,Christpher,300.4,55.0
Semana 31 Cosecha Paltas.xlsx,31,2026-07-29,2027-07-29,True,David Paye,492.97,55.0
Semana 31 Cosecha Paltas.xlsx,31,2026-07-29,2027-07-29,True,Enrique Ortega,602.53,55.0
Semana 31 Cosecha Paltas.xlsx,31,2026-07-29,2027-07-29,True,Ferddy Vasquez,769.0,55.0
Semana 31 Cosecha Paltas.xlsx,31,2026-07-29,2027-07-29,True,Isaac Ortega,798.15,55.0
Semana 31 Cosecha Paltas.xlsx,31,2026-07-29,2027-07-29,True,Misael Aramayo,521.44,55.0
Semana 31 Cosecha Paltas.xlsx,31,2026-07-29,2027-07-29,True,Nelson Paye,633.24,55.0
Semana 31 Cosecha Paltas.xlsx,31,2026-07-29,2027-07-29,True,Nelson Ruiz,579.2,55.0
Semana 31 Cosecha Paltas.xlsx,31,2026-07-29,2027-07-29,True,Nicolas Gutierrez,436.6,55.0
Semana 31 Cosecha Paltas.xlsx,31,2026-07-30,2027-07-30,True,Christpher,293.2,55.0
Semana 31 Cosecha Paltas.xlsx,31,2026-07-30,2027-07-30,True,David Paye,506.5,55.0
Semana 31 Cosecha Paltas.xlsx,31,2026-07-30,2027-07-30,True,Enrique Ortega,684.0,55.0
Semana 31 Cosecha Paltas.xlsx,31,2026-07-30,2027-07-30,True,Ferddy Vasquez,824.2,55.0
Semana 31 Cosecha Paltas.xlsx,31,2026-07-30,2027-07-30,True,Isaac Ortega,902.4,55.0
Semana 31 Cosecha Paltas.xlsx,31,2026-07-30,2027-07-30,True,Nelson Paye,555.1,55.0
Semana 31 Cosecha Paltas.xlsx,31,2026-07-30,2027-07-30,True,Nelson Ruiz,583.7,55.0
Semana 31 Cosecha Paltas.xlsx,31,2026-07-30,2027-07-30,True,Nicolas Gutierrez,508.1,55.0
Semana 32 Cosecha Paltas.xlsx,32,2026-08-03,2026-08-03,False,Bismar Gabriel,748.0,60.0
Semana 32 Cosecha Paltas.xlsx,32,2026-08-03,2026-08-03,False,Jesus Quiroga (Enrique),950.4,60.0
Semana 32 Cosecha Paltas.xlsx,32,2026-08-03,2026-08-03,False,Jhonny Torrejon,734.8,60.0
Semana 32 Cosecha Paltas.xlsx,32,2026-08-03,2026-08-03,False,Manuel Vasquez (Ferddy),1042.0,60.0
Semana 32 Cosecha Paltas.xlsx,32,2026-08-03,2026-08-03,False,Nelson Ruiz,936.0,60.0
Semana 32 Cosecha Paltas.xlsx,32,2026-08-04,2026-08-04,False,Bismar Gabriel,852.0,60.0
Semana 32 Cosecha Paltas.xlsx,32,2026-08-04,2026-08-04,False,Christopher,611.2,60.0
Semana 32 Cosecha Paltas.xlsx,32,2026-08-04,2026-08-04,False,Daniel Etienne,754.0,60.0
Semana 32 Cosecha Paltas.xlsx,32,2026-08-04,2026-08-04,False,Jesus Quiroga (Enrique),960.4,60.0
Semana 32 Cosecha Paltas.xlsx,32,2026-08-04,2026-08-04,False,Jhonny Torrejon,865.0,60.0
Semana 32 Cosecha Paltas.xlsx,32,2026-08-04,2026-08-04,False,Manuel Vasquez (Ferddy),1177.2,60.0
Semana 32 Cosecha Paltas.xlsx,32,2026-08-04,2026-08-04,False,Mariano Gonzales,880.0,60.0
Semana 32 Cosecha Paltas.xlsx,32,2026-08-04,2026-08-04,False,Nelson Ruiz,1067.0,60.0
Semana 32 Cosecha Paltas.xlsx,32,2026-08-04,2026-08-04,False,Santos Jancko,891.0,60.0
Semana 32 Cosecha Paltas.xlsx,32,2026-08-05,2026-08-05,False,Bismar Gabriel,781.0,60.0
Semana 32 Cosecha Paltas.xlsx,32,2026-08-05,2026-08-05,False,Daniel Etienne,733.0,60.0
Semana 32 Cosecha Paltas.xlsx,32,2026-08-05,2026-08-05,False,Isaac Ortega,1030.0,60.0
Semana 32 Cosecha Paltas.xlsx,32,2026-08-05,2026-08-05,False,Jesus Quiroga (Enrique),938.0,60.0
Semana 32 Cosecha Paltas.xlsx,32,2026-08-05,2026-08-05,False,Jhonny Torrejon,820.0,60.0
Semana 32 Cosecha Paltas.xlsx,32,2026-08-05,2026-08-05,False,Manuel Vasquez (Ferddy),978.0,60.0
Semana 32 Cosecha Paltas.xlsx,32,2026-08-05,2026-08-05,False,Santos Jancko,765.0,60.0
Semana 32 Cosecha Paltas.xlsx,32,2026-08-07,2026-08-07,False,Bismar Gabriel,737.0,60.0
Semana 32 Cosecha Paltas.xlsx,32,2026-08-07,2026-08-07,False,Daniel Etienne,593.0,60.0
Semana 32 Cosecha Paltas.xlsx,32,2026-08-07,2026-08-07,False,Jesus Quiroga (Enrique),866.0,60.0
Semana 32 Cosecha Paltas.xlsx,32,2026-08-07,2026-08-07,False,Jhonny Torrejon,820.0,60.0
Semana 32 Cosecha Paltas.xlsx,32,2026-08-07,2026-08-07,False,Manuel Vasquez (Ferddy),1060.0,60.0
Semana 32 Cosecha Paltas.xlsx,32,2026-08-07,2026-08-07,False,Marcial,777.0,60.0
Semana 33 Cosecha Paltas.xlsx,33,2026-08-10,2026-08-10,False,Daniel Etienne,674.8,60.0
Semana 33 Cosecha Paltas.xlsx,33,2026-08-10,2026-08-10,False,Jhonny Torrejon,834.8,60.0
Semana 33 Cosecha Paltas.xlsx,33,2026-08-10,2026-08-10,False,Lucien Dorme,608.8,60.0
Semana 33 Cosecha Paltas.xlsx,33,2026-08-10,2026-08-10,False,Manuel Vasquez (Ferddy),982.6,60.0
Semana 33 Cosecha Paltas.xlsx,33,2026-08-10,2026-08-10,False,Marcial Costana,757.4,60.0
Semana 33 Cosecha Paltas.xlsx,33,2026-08-11,2026-08-11,False,Daniel Etienne,1017.3,60.0
Semana 33 Cosecha Paltas.xlsx,33,2026-08-11,2026-08-11,False,Jhonny Torrejon,1083.0,60.0
Semana 33 Cosecha Paltas.xlsx,33,2026-08-11,2026-08-11,False,Lucien Dorme,885.3,60.0
Semana 33 Cosecha Paltas.xlsx,33,2026-08-11,2026-08-11,False,Manuel Vasquez (Ferddy),1282.5,60.0
Semana 33 Cosecha Paltas.xlsx,33,2026-08-11,2026-08-11,False,Marcial Costana,942.3,60.0
Semana 33 Cosecha Paltas.xlsx,33,2026-08-12,2026-08-12,False,Daniel Etienne,591.3,70.0
Semana 33 Cosecha Paltas.xlsx,33,2026-08-12,2026-08-12,False,Djameson Marck,583.0,70.0
Semana 33 Cosecha Paltas.xlsx,33,2026-08-12,2026-08-12,False,Jhonny Torrejon,704.7,70.0
Semana 33 Cosecha Paltas.xlsx,33,2026-08-12,2026-08-12,False,Lucien Dorme,532.5,70.0
Semana 33 Cosecha Paltas.xlsx,33,2026-08-12,2026-08-12,False,Manuel Vasquez (Ferddy),765.0,70.0
Semana 33 Cosecha Paltas.xlsx,33,2026-08-12,2026-08-12,False,Marcial Costana,660.0,70.0
Semana 33 Cosecha Paltas.xlsx,33,2026-08-12,2026-08-12,False,Samuel Balceras,586.7,70.0
Semana 33 Cosecha Paltas.xlsx,33,2026-08-13,2026-08-13,False,Alvaro Balceras,888.0,70.0
Semana 33 Cosecha Paltas.xlsx,33,2026-08-13,2026-08-13,False,Daniel Etienne,816.0,70.0
Semana 33 Cosecha Paltas.xlsx,33,2026-08-13,2026-08-13,False,Djameson Marck,750.0,70.0
Semana 33 Cosecha Paltas.xlsx,33,2026-08-13,2026-08-13,False,Jhonny Torrejon,924.0,70.0
Semana 33 Cosecha Paltas.xlsx,33,2026-08-13,2026-08-13,False,Lucien Dorme,825.5,70.0
Semana 33 Cosecha Paltas.xlsx,33,2026-08-13,2026-08-13,False,Manuel Vasquez (Ferddy),950.4,70.0
Semana 33 Cosecha Paltas.xlsx,33,2026-08-13,2026-08-13,False,Marcial Costana,1000.0,70.0
Semana 33 Cosecha Paltas.xlsx,33,2026-08-13,2026-08-13,False,Samuel Balceras,738.3,70.0
Semana 34 Cosecha Paltas.xlsx,34,2026-08-18,2026-08-18,False,Alvaro Balceras,1090.8,75.0
Semana 34 Cosecha Paltas.xlsx,34,2026-08-18,2026-08-18,False,Daniel Etienne,1176.7,75.0
Semana 34 Cosecha Paltas.xlsx,34,2026-08-18,2026-08-18,False,Espagne Remy,1076.7,75.0
Semana 34 Cosecha Paltas.xlsx,34,2026-08-18,2026-08-18,False,Jhonny Torrejon,1118.2,75.0
Semana 34 Cosecha Paltas.xlsx,34,2026-08-18,2026-08-18,False,Lucien Dorme,1028.4,75.0
Semana 34 Cosecha Paltas.xlsx,34,2026-08-18,2026-08-18,False,Manuel Vasquez (Ferddy),1200.0,75.0
Semana 34 Cosecha Paltas.xlsx,34,2026-08-18,2026-08-18,False,Marcial Costana,1080.3,75.0
Semana 34 Cosecha Paltas.xlsx,34,2026-08-18,2026-08-18,False,Miguel Huanca,352.0,75.0
Semana 34 Cosecha Paltas.xlsx,34,2026-08-18,2026-08-18,False,Samuel Balceras,1000.0,75.0
Semana 34 Cosecha Paltas.xlsx,34,2026-08-19,2026-08-19,False,Alvaro Balceras,1017.4,75.0
Semana 34 Cosecha Paltas.xlsx,34,2026-08-19,2026-08-19,False,Daniel Etienne,1220.0,75.0
Semana 34 Cosecha Paltas.xlsx,34,2026-08-19,2026-08-19,False,Djameson Marck,909.2,75.0
Semana 34 Cosecha Paltas.xlsx,34,2026-08-19,2026-08-19,False,Espagne Remy,1190.0,75.0
Semana 34 Cosecha Paltas.xlsx,34,2026-08-19,2026-08-19,False,Javier Legui,652.4,75.0
Semana 34 Cosecha Paltas.xlsx,34,2026-08-19,2026-08-19,False,Jhonny Torrejon,1019.2,75.0
Semana 34 Cosecha Paltas.xlsx,34,2026-08-19,2026-08-19,False,Lucien Dorme,862.7,75.0
Semana 34 Cosecha Paltas.xlsx,34,2026-08-19,2026-08-19,False,Manuel Vasquez (Ferddy),1149.0,75.0
Semana 34 Cosecha Paltas.xlsx,34,2026-08-19,2026-08-19,False,Marcial Costana,1035.4,75.0
Semana 34 Cosecha Paltas.xlsx,34,2026-08-19,2026-08-19,False,Miguel Huanca,400.0,75.0
Semana 34 Cosecha Paltas.xlsx,34,2026-08-19,2026-08-19,False,Nicolas Gutierrez,727.2,75.0
Semana 34 Cosecha Paltas.xlsx,34,2026-08-19,2026-08-19,False,Rhymer Grajeda,714.0,75.0
Semana 34 Cosecha Paltas.xlsx,34,2026-08-19,2026-08-19,False,Samuel Balceras,869.5,75.0
Semana 34 Cosecha Paltas.xlsx,34,2026-08-20,2026-08-20,False,Alvaro Balceras,641.0,75.0
Semana 34 Cosecha Paltas.xlsx,34,2026-08-20,2026-08-20,False,Daniel Etienne,797.0,75.0
Semana 34 Cosecha Paltas.xlsx,34,2026-08-20,2026-08-20,False,Djameson Marck,627.0,75.0
Semana 34 Cosecha Paltas.xlsx,34,2026-08-20,2026-08-20,False,Espagne Remy,741.0,75.0
Semana 34 Cosecha Paltas.xlsx,34,2026-08-20,2026-08-20,False,Javier Legui,391.6,75.0
Semana 34 Cosecha Paltas.xlsx,34,2026-08-20,2026-08-20,False,Jhonny Torrejon,928.0,75.0
Semana 34 Cosecha Paltas.xlsx,34,2026-08-20,2026-08-20,False,Lucien Dorme,644.0,75.0
Semana 34 Cosecha Paltas.xlsx,34,2026-08-20,2026-08-20,False,Manuel Vasquez (Ferddy),1020.0,75.0
Semana 34 Cosecha Paltas.xlsx,34,2026-08-20,2026-08-20,False,Marcial Costana,767.0,75.0
Semana 34 Cosecha Paltas.xlsx,34,2026-08-20,2026-08-20,False,Miguel Huanca,268.5,75.0
Semana 34 Cosecha Paltas.xlsx,34,2026-08-20,2026-08-20,False,Nicolas Gutierrez,450.0,75.0
Semana 34 Cosecha Paltas.xlsx,34,2026-08-20,2026-08-20,False,Rhymer Grajeda,424.0,75.0
Semana 34 Cosecha Paltas.xlsx,34,2026-08-20,2026-08-20,False,Samuel Balceras,629.0,75.0
Semana 34 Cosecha Paltas.xlsx,34,2026-08-21,2026-08-21,False,Alvaro Balceras,505.0,75.0
Semana 34 Cosecha Paltas.xlsx,34,2026-08-21,2026-08-21,False,Daniel Etienne,408.0,75.0
Semana 34 Cosecha Paltas.xlsx,34,2026-08-21,2026-08-21,False,Djameson Marck,418.0,75.0
Semana 34 Cosecha Paltas.xlsx,34,2026-08-21,2026-08-21,False,Javier Legui,290.0,75.0
Semana 34 Cosecha Paltas.xlsx,34,2026-08-21,2026-08-21,False,Jhonny Torrejon,500.0,75.0
Semana 34 Cosecha Paltas.xlsx,34,2026-08-21,2026-08-21,False,Lucien Dorme,460.0,75.0
Semana 34 Cosecha Paltas.xlsx,34,2026-08-21,2026-08-21,False,Manuel Vasquez (Ferddy),562.0,75.0
Semana 34 Cosecha Paltas.xlsx,34,2026-08-21,2026-08-21,False,Marcial Costana,453.0,75.0
Semana 34 Cosecha Paltas.xlsx,34,2026-08-21,2026-08-21,False,Miguel Huanca,400.0,75.0
Semana 34 Cosecha Paltas.xlsx,34,2026-08-21,2026-08-21,False,Nicolas Gutierrez,308.0,75.0
Semana 34 Cosecha Paltas.xlsx,34,2026-08-21,2026-08-21,False,Rhymer Grajeda,373.0,75.0
Semana 34 Cosecha Paltas.xlsx,34,2026-08-21,2026-08-21,False,Samuel Balceras,433.0,75.0
Semana 35 Cosecha Paltas.xlsx,35,2026-08-24,2026-08-24,False,Alvaro Balceras,1139.0,75.0
Semana 35 Cosecha Paltas.xlsx,35,2026-08-24,2026-08-24,False,Daniel Etienne,1139.0,75.0
Semana 35 Cosecha Paltas.xlsx,35,2026-08-24,2026-08-24,False,Djameson Marck,1081.0,75.0
Semana 35 Cosecha Paltas.xlsx,35,2026-08-24,2026-08-24,False,Jhonny Torrejon,1236.7,75.0
Semana 35 Cosecha Paltas.xlsx,35,2026-08-24,2026-08-24,False,Lucien Dorme,1025.4,75.0
Semana 35 Cosecha Paltas.xlsx,35,2026-08-24,2026-08-24,False,Manuel Vasquez (Ferddy),1350.0,75.0
Semana 35 Cosecha Paltas.xlsx,35,2026-08-24,2026-08-24,False,Marcial Costana,1174.5,75.0
Semana 35 Cosecha Paltas.xlsx,35,2026-08-24,2026-08-24,False,Nicolas Gutierrez,740.0,75.0
Semana 35 Cosecha Paltas.xlsx,35,2026-08-24,2026-08-24,False,Ruben Fabrica,1118.0,75.0
Semana 35 Cosecha Paltas.xlsx,35,2026-08-24,2026-08-24,False,Samuel Balceras,1028.0,75.0
Semana 35 Cosecha Paltas.xlsx,35,2026-08-25,2026-08-25,False,Alvaro Balceras,871.6,75.0
Semana 35 Cosecha Paltas.xlsx,35,2026-08-25,2026-08-25,False,Daniel Etienne,720.0,75.0
Semana 35 Cosecha Paltas.xlsx,35,2026-08-25,2026-08-25,False,Djameson Marck,699.5,75.0
Semana 35 Cosecha Paltas.xlsx,35,2026-08-25,2026-08-25,False,Jhonny Torrejon,1026.0,75.0
Semana 35 Cosecha Paltas.xlsx,35,2026-08-25,2026-08-25,False,Lucien Dorme,760.0,75.0
Semana 35 Cosecha Paltas.xlsx,35,2026-08-25,2026-08-25,False,Manuel Vasquez (Ferddy),1090.0,75.0
Semana 35 Cosecha Paltas.xlsx,35,2026-08-25,2026-08-25,False,Marcial Costana,973.0,75.0
Semana 35 Cosecha Paltas.xlsx,35,2026-08-25,2026-08-25,False,Nicolas Gutierrez,662.0,75.0
Semana 35 Cosecha Paltas.xlsx,35,2026-08-25,2026-08-25,False,Ruben Fabrica,732.5,75.0
Semana 35 Cosecha Paltas.xlsx,35,2026-08-25,2026-08-25,False,Samuel Balceras,866.0,75.0
Semana 35 Cosecha Paltas.xlsx,35,2026-08-26,2026-08-26,False,Alvaro Balceras,836.6,75.0
Semana 35 Cosecha Paltas.xlsx,35,2026-08-26,2026-08-26,False,Daniel Etienne,816.0,75.0
Semana 35 Cosecha Paltas.xlsx,35,2026-08-26,2026-08-26,False,Jhonny Torrejon,1026.0,75.0
Semana 35 Cosecha Paltas.xlsx,35,2026-08-26,2026-08-26,False,Lucien Dorme,761.0,75.0
Semana 35 Cosecha Paltas.xlsx,35,2026-08-26,2026-08-26,False,Manuel Vasquez (Ferddy),1096.0,75.0
Semana 35 Cosecha Paltas.xlsx,35,2026-08-26,2026-08-26,False,Marcial Costana,944.0,75.0
Semana 35 Cosecha Paltas.xlsx,35,2026-08-26,2026-08-26,False,Nicolas Gutierrez,761.0,75.0
Semana 35 Cosecha Paltas.xlsx,35,2026-08-26,2026-08-26,False,Ruben Fabrica,815.0,75.0
Semana 35 Cosecha Paltas.xlsx,35,2026-08-26,2026-08-26,False,Samuel Balceras,891.0,75.0
Semana 35 Cosecha Paltas.xlsx,35,2026-08-28,2026-08-28,False,Alvaro Balceras,1416.8,75.0
Semana 35 Cosecha Paltas.xlsx,35,2026-08-28,2026-08-28,False,Daniel Etienne,1351.5,75.0
Semana 35 Cosecha Paltas.xlsx,35,2026-08-28,2026-08-28,False,Jhonny Torrejon,1515.6,75.0
Semana 35 Cosecha Paltas.xlsx,35,2026-08-28,2026-08-28,False,Lucien Dorme,1132.1,75.0
Semana 35 Cosecha Paltas.xlsx,35,2026-08-28,2026-08-28,False,Manuel Vasquez (Ferddy),1557.5,75.0
Semana 35 Cosecha Paltas.xlsx,35,2026-08-28,2026-08-28,False,Marcial Costana,1558.4,75.0
Semana 35 Cosecha Paltas.xlsx,35,2026-08-28,2026-08-28,False,Rony Fenelias,1127.3,75.0
Semana 35 Cosecha Paltas.xlsx,35,2026-08-28,2026-08-28,False,Ruben Fabrica,1240.0,75.0
Semana 36 Cosecha Paltas.xlsx,36,2026-08-31,2026-08-31,False,Alvaro Balceras,1111.0,75.0
Semana 36 Cosecha Paltas.xlsx,36,2026-08-31,2026-08-31,False,Daniel Etienne,867.3,75.0
Semana 36 Cosecha Paltas.xlsx,36,2026-08-31,2026-08-31,False,Jhonny Torrejon,1110.0,75.0
Semana 36 Cosecha Paltas.xlsx,36,2026-08-31,2026-08-31,False,Lucien Dorme,878.1,75.0
Semana 36 Cosecha Paltas.xlsx,36,2026-08-31,2026-08-31,False,Manuel Vasquez (Ferddy),1070.0,75.0
Semana 36 Cosecha Paltas.xlsx,36,2026-08-31,2026-08-31,False,Marcial Costana,1029.0,75.0
Semana 36 Cosecha Paltas.xlsx,36,2026-08-31,2026-08-31,False,Nicolas Gutierrez,1040.0,75.0
Semana 36 Cosecha Paltas.xlsx,36,2026-08-31,2026-08-31,False,Ruben Fabrica,988.6,75.0
Semana 36 Cosecha Paltas.xlsx,36,2026-08-31,2026-08-31,False,Samuel Balceras,1019.0,75.0
Semana 36 Cosecha Paltas.xlsx,36,2026-09-01,2026-09-01,False,Alvaro Balceras,770.0,75.0
Semana 36 Cosecha Paltas.xlsx,36,2026-09-01,2026-09-01,False,Daniel Etienne,692.0,75.0
Semana 36 Cosecha Paltas.xlsx,36,2026-09-01,2026-09-01,False,Jhonny Torrejon,960.0,75.0
Semana 36 Cosecha Paltas.xlsx,36,2026-09-01,2026-09-01,False,Lucien Dorme,664.0,75.0
Semana 36 Cosecha Paltas.xlsx,36,2026-09-01,2026-09-01,False,Manuel Vasquez (Ferddy),883.0,75.0
Semana 36 Cosecha Paltas.xlsx,36,2026-09-01,2026-09-01,False,Marcial Costana,760.0,75.0
Semana 36 Cosecha Paltas.xlsx,36,2026-09-01,2026-09-01,False,Nicolas Gutierrez,600.0,75.0
Semana 36 Cosecha Paltas.xlsx,36,2026-09-01,2026-09-01,False,Ruben Fabrica,642.5,75.0
Semana 36 Cosecha Paltas.xlsx,36,2026-09-01,2026-09-01,False,Samuel Balceras,775.0,75.0
Semana 36 Cosecha Paltas.xlsx,36,2026-09-02,2026-09-02,False,Alvaro Balceras,932.0,75.0
Semana 36 Cosecha Paltas.xlsx,36,2026-09-02,2026-09-02,False,Daniel Etienne,908.0,75.0
Semana 36 Cosecha Paltas.xlsx,36,2026-09-02,2026-09-02,False,Jhonny Torrejon,1062.7,75.0
Semana 36 Cosecha Paltas.xlsx,36,2026-09-02,2026-09-02,False,Lucien Dorme,870.0,75.0
Semana 36 Cosecha Paltas.xlsx,36,2026-09-02,2026-09-02,False,Manuel Vasquez (Ferddy),1075.0,75.0
Semana 36 Cosecha Paltas.xlsx,36,2026-09-02,2026-09-02,False,Marcial Costana,925.0,75.0
Semana 36 Cosecha Paltas.xlsx,36,2026-09-02,2026-09-02,False,Nicolas Gutierrez,835.7,75.0
Semana 36 Cosecha Paltas.xlsx,36,2026-09-02,2026-09-02,False,Oscar Deheza,590.7,75.0
Semana 36 Cosecha Paltas.xlsx,36,2026-09-02,2026-09-02,False,Ruben Fabrica,940.0,75.0
Semana 36 Cosecha Paltas.xlsx,36,2026-09-02,2026-09-02,False,Samuel Balceras,758.7,75.0
Semana 36 Cosecha Paltas.xlsx,36,2026-09-03,2026-09-03,False,Alvaro Balceras,838.0,75.0
Semana 36 Cosecha Paltas.xlsx,36,2026-09-03,2026-09-03,False,Cliver Vargas,462.0,75.0
Semana 36 Cosecha Paltas.xlsx,36,2026-09-03,2026-09-03,False,David Paye,547.9,75.0
Semana 36 Cosecha Paltas.xlsx,36,2026-09-03,2026-09-03,False,Jhonny Torrejon,849.0,75.0
Semana 36 Cosecha Paltas.xlsx,36,2026-09-03,2026-09-03,False,Jose Aguilar,594.0,75.0
Semana 36 Cosecha Paltas.xlsx,36,2026-09-03,2026-09-03,False,Lucien Dorme,724.0,75.0
Semana 36 Cosecha Paltas.xlsx,36,2026-09-03,2026-09-03,False,Manuel Vasquez (Ferddy),971.8,75.0
Semana 36 Cosecha Paltas.xlsx,36,2026-09-03,2026-09-03,False,Marcial Costana,757.0,75.0
Semana 36 Cosecha Paltas.xlsx,36,2026-09-03,2026-09-03,False,Nelson Paye,555.0,75.0
Semana 36 Cosecha Paltas.xlsx,36,2026-09-03,2026-09-03,False,Nicolas Gutierrez,605.0,75.0
Semana 36 Cosecha Paltas.xlsx,36,2026-09-03,2026-09-03,False,Ruben Fabrica,840.0,75.0
Semana 36 Cosecha Paltas.xlsx,36,2026-09-03,2026-09-03,False,Samuel Balceras,745.0,75.0
Semana 37 Cosecha Paltas.xlsx,37,2026-09-04,2026-09-04,False,Alvaro Balceras,748.0,75.0
Semana 37 Cosecha Paltas.xlsx,37,2026-09-04,2026-09-04,False,Andres Condori,736.0,75.0
Semana 37 Cosecha Paltas.xlsx,37,2026-09-04,2026-09-04,False,Cliver Vargas,507.0,75.0
Semana 37 Cosecha Paltas.xlsx,37,2026-09-04,2026-09-04,False,David Paye,580.0,75.0
Semana 37 Cosecha Paltas.xlsx,37,2026-09-04,2026-09-04,False,Jhonny Torrejon,883.0,75.0
Semana 37 Cosecha Paltas.xlsx,37,2026-09-04,2026-09-04,False,Jose Aguilar,536.0,75.0
Semana 37 Cosecha Paltas.xlsx,37,2026-09-04,2026-09-04,False,Lucien Dorme,687.0,75.0
Semana 37 Cosecha Paltas.xlsx,37,2026-09-04,2026-09-04,False,Manuel Vasquez (Ferddy),1082.0,75.0
Semana 37 Cosecha Paltas.xlsx,37,2026-09-04,2026-09-04,False,Marcial Costana,743.0,75.0
Semana 37 Cosecha Paltas.xlsx,37,2026-09-04,2026-09-04,False,Nicolas Gutierrez,580.0,75.0
Semana 37 Cosecha Paltas.xlsx,37,2026-09-04,2026-09-04,False,Ruben Fabrica,727.0,75.0
Semana 37 Cosecha Paltas.xlsx,37,2026-09-05,2026-09-05,False,David Paye,417.0,75.0
Semana 37 Cosecha Paltas.xlsx,37,2026-09-05,2026-09-05,False,Jhonny Torrejon,666.0,75.0
Semana 37 Cosecha Paltas.xlsx,37,2026-09-05,2026-09-05,False,Manuel Vasquez (Ferddy),992.0,75.0
Semana 37 Cosecha Paltas.xlsx,37,2026-09-05,2026-09-05,False,Marcial Costana,610.0,75.0
Semana 37 Cosecha Paltas.xlsx,37,2026-09-05,2026-09-05,False,Mauricio Guiry,823.0,75.0
Semana 37 Cosecha Paltas.xlsx,37,2026-09-05,2026-09-05,False,Nelson Paye,500.0,75.0
Semana 37 Cosecha Paltas.xlsx,37,2026-09-05,2026-09-05,False,Ruben Fabrica,717.0,75.0
Semana 37 Cosecha Paltas.xlsx,37,2026-09-07,2026-09-07,False,Alvaro Balceras,871.3,75.0
Semana 37 Cosecha Paltas.xlsx,37,2026-09-07,2026-09-07,False,Andres Condori,904.3,75.0
Semana 37 Cosecha Paltas.xlsx,37,2026-09-07,2026-09-07,False,Cliver Vargas,551.2,75.0
Semana 37 Cosecha Paltas.xlsx,37,2026-09-07,2026-09-07,False,David Paye,600.0,75.0
Semana 37 Cosecha Paltas.xlsx,37,2026-09-07,2026-09-07,False,Jhonny Torrejon,946.0,75.0
Semana 37 Cosecha Paltas.xlsx,37,2026-09-07,2026-09-07,False,Jose Aguilar,757.0,75.0
Semana 37 Cosecha Paltas.xlsx,37,2026-09-07,2026-09-07,False,Manuel Vasquez (Ferddy),1230.0,75.0
Semana 37 Cosecha Paltas.xlsx,37,2026-09-07,2026-09-07,False,Marcial Costana,593.4,75.0
Semana 37 Cosecha Paltas.xlsx,37,2026-09-07,2026-09-07,False,Nicolas Gutierrez,900.0,75.0
Semana 37 Cosecha Paltas.xlsx,37,2026-09-07,2026-09-07,False,Ruben Fabrica,842.5,75.0
Semana 37 Cosecha Paltas.xlsx,37,2026-09-07,2026-09-07,False,Yonatan Vedia,694.6,75.0
Semana 37 Cosecha Paltas.xlsx,37,2026-09-08,2026-09-08,False,Alvaro Balceras,756.5,80.0
Semana 37 Cosecha Paltas.xlsx,37,2026-09-08,2026-09-08,False,Andres Condori,860.0,80.0
Semana 37 Cosecha Paltas.xlsx,37,2026-09-08,2026-09-08,False,Cliver Vargas,588.0,80.0
Semana 37 Cosecha Paltas.xlsx,37,2026-09-08,2026-09-08,False,David Paye,500.0,80.0
Semana 37 Cosecha Paltas.xlsx,37,2026-09-08,2026-09-08,False,Jhonny Torrejon,910.0,80.0
Semana 37 Cosecha Paltas.xlsx,37,2026-09-08,2026-09-08,False,Jose Aguilar,586.0,80.0
Semana 37 Cosecha Paltas.xlsx,37,2026-09-08,2026-09-08,False,Manuel Vasquez (Ferddy),1180.0,80.0
Semana 37 Cosecha Paltas.xlsx,37,2026-09-08,2026-09-08,False,Marcial Costana,670.0,80.0
Semana 37 Cosecha Paltas.xlsx,37,2026-09-08,2026-09-08,False,Nicolas Gutierrez,726.6,80.0
Semana 37 Cosecha Paltas.xlsx,37,2026-09-08,2026-09-08,False,Ruben Fabrica,907.0,80.0
Semana 37 Cosecha Paltas.xlsx,37,2026-09-08,2026-09-08,False,Yonatan Vedia,823.4,80.0
Semana 37 Cosecha Paltas.xlsx,37,2026-09-09,2026-09-09,False,Alvaro Balceras,682.0,80.0
Semana 37 Cosecha Paltas.xlsx,37,2026-09-09,2026-09-09,False,Andres Condori,763.0,80.0
Semana 37 Cosecha Paltas.xlsx,37,2026-09-09,2026-09-09,False,Cliver Vargas,422.6,80.0
Semana 37 Cosecha Paltas.xlsx,37,2026-09-09,2026-09-09,False,Jhonny Torrejon,859.0,80.0
Semana 37 Cosecha Paltas.xlsx,37,2026-09-09,2026-09-09,False,Lucien Dorme,682.0,80.0
Semana 37 Cosecha Paltas.xlsx,37,2026-09-09,2026-09-09,False,Manuel Vasquez (Ferddy),988.0,80.0
Semana 37 Cosecha Paltas.xlsx,37,2026-09-09,2026-09-09,False,Marcial Costana,873.0,80.0
Semana 37 Cosecha Paltas.xlsx,37,2026-09-09,2026-09-09,False,Nelson Paye,719.6,80.0
Semana 37 Cosecha Paltas.xlsx,37,2026-09-09,2026-09-09,False,Nicolas Gutierrez,447.0,80.0
Semana 37 Cosecha Paltas.xlsx,37,2026-09-09,2026-09-09,False,Raul Balceras,581.0,80.0
Semana 37 Cosecha Paltas.xlsx,37,2026-09-09,2026-09-09,False,Ruben Fabrica,918.0,80.0
Semana 37 Cosecha Paltas.xlsx,37,2026-09-09,2026-09-09,False,Samuel Balceras,851.0,80.0
Semana 37 Cosecha Paltas.xlsx,37,2026-09-09,2026-09-09,False,Yonatan Vedia,705.0,80.0
Semana 37 Cosecha Paltas.xlsx,37,2026-09-10,2026-09-10,False,Alvaro Balceras,606.6,80.0
Semana 37 Cosecha Paltas.xlsx,37,2026-09-10,2026-09-10,False,Andres Condori,592.0,80.0
Semana 37 Cosecha Paltas.xlsx,37,2026-09-10,2026-09-10,False,Daniel Etienne,530.0,80.0
Semana 37 Cosecha Paltas.xlsx,37,2026-09-10,2026-09-10,False,Jhonny Torrejon,605.0,80.0
Semana 37 Cosecha Paltas.xlsx,37,2026-09-10,2026-09-10,False,Lucien Dorme,592.7,80.0
Semana 37 Cosecha Paltas.xlsx,37,2026-09-10,2026-09-10,False,Manuel Vasquez (Ferddy),713.7,80.0
Semana 37 Cosecha Paltas.xlsx,37,2026-09-10,2026-09-10,False,Marcial Costana,548.0,80.0
Semana 37 Cosecha Paltas.xlsx,37,2026-09-10,2026-09-10,False,Nicolas Gutierrez,550.0,80.0
Semana 37 Cosecha Paltas.xlsx,37,2026-09-10,2026-09-10,False,Raul Balceras,500.0,80.0
Semana 37 Cosecha Paltas.xlsx,37,2026-09-10,2026-09-10,False,Ruben Fabrica,897.6,80.0
Semana 37 Cosecha Paltas.xlsx,37,2026-09-10,2026-09-10,False,Samuel Balceras,781.0,80.0
Semana 37 Cosecha Paltas.xlsx,37,2026-09-10,2026-09-10,False,Yonatan Vedia,630.0,80.0
Semana 38 Cosecha Paltas.xlsx,38,2026-09-11,2026-09-11,False,Alvaro Balceras,722.0,80.0
Semana 38 Cosecha Paltas.xlsx,38,2026-09-11,2026-09-11,False,Daniel Etienne,529.0,80.0
Semana 38 Cosecha Paltas.xlsx,38,2026-09-11,2026-09-11,False,Jhonny Torrejon,774.0,80.0
Semana 38 Cosecha Paltas.xlsx,38,2026-09-11,2026-09-11,False,Lucien Dorme,579.0,80.0
Semana 38 Cosecha Paltas.xlsx,38,2026-09-11,2026-09-11,False,Manuel Vasquez (Ferddy),1004.0,80.0
Semana 38 Cosecha Paltas.xlsx,38,2026-09-11,2026-09-11,False,Marcial Costana,700.0,80.0
Semana 38 Cosecha Paltas.xlsx,38,2026-09-11,2026-09-11,False,Nicolas Gutierrez,560.0,80.0
Semana 38 Cosecha Paltas.xlsx,38,2026-09-11,2026-09-11,False,Raul Balceras,660.0,80.0
Semana 38 Cosecha Paltas.xlsx,38,2026-09-11,2026-09-11,False,Ruben Fabrica,865.0,80.0
Semana 38 Cosecha Paltas.xlsx,38,2026-09-11,2026-09-11,False,Samuel Balceras,978.0,80.0
Semana 38 Cosecha Paltas.xlsx,38,2026-09-11,2026-09-11,False,Yonatan Vedia,500.0,80.0
Semana 38 Cosecha Paltas.xlsx,38,2026-09-12,2026-09-12,False,Andres Condori,565.0,80.0
Semana 38 Cosecha Paltas.xlsx,38,2026-09-12,2026-09-12,False,Cliver Vargas,315.0,80.0
Semana 38 Cosecha Paltas.xlsx,38,2026-09-12,2026-09-12,False,David Paye,367.0,80.0
Semana 38 Cosecha Paltas.xlsx,38,2026-09-12,2026-09-12,False,Jhonny Torrejon,582.0,80.0
Semana 38 Cosecha Paltas.xlsx,38,2026-09-12,2026-09-12,False,Manuel Vasquez,587.0,80.0
Semana 38 Cosecha Paltas.xlsx,38,2026-09-12,2026-09-12,False,Manuel Vasquez (Ferddy),780.0,80.0
Semana 38 Cosecha Paltas.xlsx,38,2026-09-12,2026-09-12,False,Marcial Costana,556.0,80.0
Semana 38 Cosecha Paltas.xlsx,38,2026-09-12,2026-09-12,False,Mauricio Guiry,680.0,80.0
Semana 38 Cosecha Paltas.xlsx,38,2026-09-12,2026-09-12,False,Nelson Paye,363.2,80.0
Semana 38 Cosecha Paltas.xlsx,38,2026-09-12,2026-09-12,False,Nicolas Gutierrez,298.0,80.0
Semana 38 Cosecha Paltas.xlsx,38,2026-09-12,2026-09-12,False,Ruben Fabrica,659.0,80.0
Semana 38 Cosecha Paltas.xlsx,38,2026-09-14,2026-08-14,True,Alvaro Balceras,716.0,80.0
Semana 38 Cosecha Paltas.xlsx,38,2026-09-14,2026-08-14,True,Andres Condori,849.0,80.0
Semana 38 Cosecha Paltas.xlsx,38,2026-09-14,2026-08-14,True,Lucien Dorme,785.0,80.0
Semana 38 Cosecha Paltas.xlsx,38,2026-09-14,2026-08-14,True,Manuel Vasquez (Ferddy),1128.0,80.0
Semana 38 Cosecha Paltas.xlsx,38,2026-09-14,2026-08-14,True,Marcial Costana,584.0,80.0
Semana 38 Cosecha Paltas.xlsx,38,2026-09-14,2026-08-14,True,Yonatan Vedia,631.0,80.0
Semana 38 Cosecha Paltas.xlsx,38,2026-09-15,2026-08-15,True,Alvaro Balceras,978.0,80.0
Semana 38 Cosecha Paltas.xlsx,38,2026-09-15,2026-08-15,True,Andres Condori,885.5,80.0
Semana 38 Cosecha Paltas.xlsx,38,2026-09-15,2026-08-15,True,Jhonny Torrejon,1064.0,80.0
Semana 38 Cosecha Paltas.xlsx,38,2026-09-15,2026-08-15,True,Lucien Dorme,787.0,80.0
Semana 38 Cosecha Paltas.xlsx,38,2026-09-15,2026-08-15,True,Manuel Vasquez (Ferddy),1294.0,80.0
Semana 38 Cosecha Paltas.xlsx,38,2026-09-15,2026-08-15,True,Marcial Costana,1006.0,80.0
Semana 38 Cosecha Paltas.xlsx,38,2026-09-15,2026-08-15,True,Nicolas Gutierrez,677.2,80.0
Semana 38 Cosecha Paltas.xlsx,38,2026-09-15,2026-08-15,True,Ruben Fabrica,1119.0,80.0
Semana 38 Cosecha Paltas.xlsx,38,2026-09-15,2026-08-15,True,Yonatan Vedia,815.0,80.0
Semana 38 Cosecha Paltas.xlsx,38,2026-09-16,2026-08-16,True,Alvaro Balceras,539.0,80.0
Semana 38 Cosecha Paltas.xlsx,38,2026-09-16,2026-08-16,True,Andres Condori,489.0,80.0
Semana 38 Cosecha Paltas.xlsx,38,2026-09-16,2026-08-16,True,Jhonny Torrejon,572.0,80.0
Semana 38 Cosecha Paltas.xlsx,38,2026-09-16,2026-08-16,True,Lucien Dorme,440.0,80.0
Semana 38 Cosecha Paltas.xlsx,38,2026-09-16,2026-08-16,True,Manuel Vasquez (Ferddy),713.0,80.0
Semana 38 Cosecha Paltas.xlsx,38,2026-09-16,2026-08-16,True,Marcial Costana,473.0,80.0
Semana 38 Cosecha Paltas.xlsx,38,2026-09-16,2026-08-16,True,Nicolas Gutierrez,375.0,80.0
Semana 38 Cosecha Paltas.xlsx,38,2026-09-16,2026-08-16,True,Ruben Fabrica,473.0,80.0
Semana 38 Cosecha Paltas.xlsx,38,2026-09-16,2026-08-16,True,Yonatan Vedia,509.0,80.0
Semana 39 Cosecha Paltas.xlsx,39,2026-09-21,2026-09-21,False,Alvaro Balceras,792.0,80.0
Semana 39 Cosecha Paltas.xlsx,39,2026-09-21,2026-09-21,False,Andres Condori,729.0,80.0
Semana 39 Cosecha Paltas.xlsx,39,2026-09-21,2026-09-21,False,Cristian Facio,880.0,80.0
Semana 39 Cosecha Paltas.xlsx,39,2026-09-21,2026-09-21,False,Jhonny Torrejon,782.0,80.0
Semana 39 Cosecha Paltas.xlsx,39,2026-09-21,2026-09-21,False,Lucien Dorme,716.0,80.0
Semana 39 Cosecha Paltas.xlsx,39,2026-09-21,2026-09-21,False,Manuel Vasquez (Ferddy),1128.0,80.0
Semana 39 Cosecha Paltas.xlsx,39,2026-09-21,2026-09-21,False,Marcial Costana,622.0,80.0
Semana 39 Cosecha Paltas.xlsx,39,2026-09-21,2026-09-21,False,Nicolas Gutierrez,515.0,80.0
Semana 39 Cosecha Paltas.xlsx,39,2026-09-21,2026-09-21,False,Ruben Fabrica,889.0,80.0
Semana 39 Cosecha Paltas.xlsx,39,2026-09-22,2026-09-22,False,Alvaro Balceras,950.0,80.0
Semana 39 Cosecha Paltas.xlsx,39,2026-09-22,2026-09-22,False,Andres Condori,1012.0,80.0
Semana 39 Cosecha Paltas.xlsx,39,2026-09-22,2026-09-22,False,Cristian Facio,1038.0,80.0
Semana 39 Cosecha Paltas.xlsx,39,2026-09-22,2026-09-22,False,Jhonny Torrejon,1039.0,80.0
Semana 39 Cosecha Paltas.xlsx,39,2026-09-22,2026-09-22,False,Lucien Dorme,948.0,80.0
Semana 39 Cosecha Paltas.xlsx,39,2026-09-22,2026-09-22,False,Manuel Vasquez (Ferddy),1194.0,80.0
Semana 39 Cosecha Paltas.xlsx,39,2026-09-22,2026-09-22,False,Marcial Costana,950.0,80.0
Semana 39 Cosecha Paltas.xlsx,39,2026-09-22,2026-09-22,False,Ruben Fabrica,1050.0,80.0
Semana 39 Cosecha Paltas.xlsx,39,2026-09-23,2026-09-23,False,Alvaro Balceras,1194.0,80.0
Semana 39 Cosecha Paltas.xlsx,39,2026-09-23,2026-09-23,False,Andres Condori,1138.0,80.0
Semana 39 Cosecha Paltas.xlsx,39,2026-09-23,2026-09-23,False,Cristian Facio,1234.0,80.0
Semana 39 Cosecha Paltas.xlsx,39,2026-09-23,2026-09-23,False,Enrique Ortega,1340.0,80.0
Semana 39 Cosecha Paltas.xlsx,39,2026-09-23,2026-09-23,False,Jhonny Torrejon,1272.0,80.0
Semana 39 Cosecha Paltas.xlsx,39,2026-09-23,2026-09-23,False,Lucien Dorme,900.0,80.0
Semana 39 Cosecha Paltas.xlsx,39,2026-09-23,2026-09-23,False,Manuel Vasquez (Ferddy),1350.0,80.0
Semana 39 Cosecha Paltas.xlsx,39,2026-09-23,2026-09-23,False,Marcial Costana,1134.0,80.0
Semana 39 Cosecha Paltas.xlsx,39,2026-09-23,2026-09-23,False,Ruben Fabrica,1205.0,80.0
Semana 39 Cosecha Paltas.xlsx,39,2026-09-24,2026-09-24,False,Alvaro Balceras,707.0,80.0
Semana 39 Cosecha Paltas.xlsx,39,2026-09-24,2026-09-24,False,Andres Condori,714.0,80.0
Semana 39 Cosecha Paltas.xlsx,39,2026-09-24,2026-09-24,False,Cristian Facio,852.0,80.0
Semana 39 Cosecha Paltas.xlsx,39,2026-09-24,2026-09-24,False,Enrique Ortega,968.0,80.0
Semana 39 Cosecha Paltas.xlsx,39,2026-09-24,2026-09-24,False,Henry Roca,707.0,80.0
Semana 39 Cosecha Paltas.xlsx,39,2026-09-24,2026-09-24,False,Jhonny Torrejon,938.0,80.0
Semana 39 Cosecha Paltas.xlsx,39,2026-09-24,2026-09-24,False,Lucien Dorme,647.0,80.0
Semana 39 Cosecha Paltas.xlsx,39,2026-09-24,2026-09-24,False,Manuel Vasquez (Ferddy),906.0,80.0
Semana 39 Cosecha Paltas.xlsx,39,2026-09-24,2026-09-24,False,Marcial Costana,844.0,80.0
Semana 39 Cosecha Paltas.xlsx,39,2026-09-24,2026-09-24,False,Ruben Fabrica,808.0,80.0
Semana 40 Cosecha Paltas.xlsx,40,2026-09-25,2026-09-25,False,Alvaro Balceras,882.0,80.0
Semana 40 Cosecha Paltas.xlsx,40,2026-09-25,2026-09-25,False,Andres Condori,743.0,80.0
Semana 40 Cosecha Paltas.xlsx,40,2026-09-25,2026-09-25,False,Cristian Facio,807.0,80.0
Semana 40 Cosecha Paltas.xlsx,40,2026-09-25,2026-09-25,False,Enrique Ortega,906.0,80.0
Semana 40 Cosecha Paltas.xlsx,40,2026-09-25,2026-09-25,False,Henry Roca,580.0,80.0
Semana 40 Cosecha Paltas.xlsx,40,2026-09-25,2026-09-25,False,Jhonny Torrejon,816.0,80.0
Semana 40 Cosecha Paltas.xlsx,40,2026-09-25,2026-09-25,False,Lucien Dorme,658.0,80.0
Semana 40 Cosecha Paltas.xlsx,40,2026-09-25,2026-09-25,False,Manuel Vasquez (Ferddy),1082.0,80.0
Semana 40 Cosecha Paltas.xlsx,40,2026-09-25,2026-09-25,False,Marcial Costana,736.0,80.0
Semana 40 Cosecha Paltas.xlsx,40,2026-09-25,2026-09-25,False,Ruben Fabrica,776.0,80.0
Semana 40 Cosecha Paltas.xlsx,40,2026-09-28,2026-09-28,False,Alvaro Balceras,784.0,80.0
Semana 40 Cosecha Paltas.xlsx,40,2026-09-28,2026-09-28,False,Andres Condori,785.0,80.0
Semana 40 Cosecha Paltas.xlsx,40,2026-09-28,2026-09-28,False,Cristian Facio,890.0,80.0
Semana 40 Cosecha Paltas.xlsx,40,2026-09-28,2026-09-28,False,Enrique Ortega,980.0,80.0
Semana 40 Cosecha Paltas.xlsx,40,2026-09-28,2026-09-28,False,Henry Roca,645.0,80.0
Semana 40 Cosecha Paltas.xlsx,40,2026-09-28,2026-09-28,False,Lucien Dorme,603.2,80.0
Semana 40 Cosecha Paltas.xlsx,40,2026-09-28,2026-09-28,False,Manuel Vasquez (Ferddy),943.0,80.0
Semana 40 Cosecha Paltas.xlsx,40,2026-09-28,2026-09-28,False,Marcial Costana,697.7,80.0
Semana 40 Cosecha Paltas.xlsx,40,2026-09-28,2026-09-28,False,Ruben Fabrica,890.0,80.0
Semana 40 Cosecha Paltas.xlsx,40,2026-09-29,2026-09-29,False,Alvaro Balceras,743.0,80.0
Semana 40 Cosecha Paltas.xlsx,40,2026-09-29,2026-09-29,False,Andres Condori,843.0,80.0
Semana 40 Cosecha Paltas.xlsx,40,2026-09-29,2026-09-29,False,Cristian Facio,923.0,80.0
Semana 40 Cosecha Paltas.xlsx,40,2026-09-29,2026-09-29,False,Enrique Ortega,753.0,80.0
Semana 40 Cosecha Paltas.xlsx,40,2026-09-29,2026-09-29,False,Henry Roca,550.0,80.0
Semana 40 Cosecha Paltas.xlsx,40,2026-09-29,2026-09-29,False,Jhonny Torrejon,823.0,80.0
Semana 40 Cosecha Paltas.xlsx,40,2026-09-29,2026-09-29,False,Lucien Dorme,737.0,80.0
Semana 40 Cosecha Paltas.xlsx,40,2026-09-29,2026-09-29,False,Manuel Vasquez (Ferddy),1111.0,80.0
Semana 40 Cosecha Paltas.xlsx,40,2026-09-29,2026-09-29,False,Marcial Costana,787.0,80.0
Semana 40 Cosecha Paltas.xlsx,40,2026-09-29,2026-09-29,False,Ruben Fabrica,895.5,80.0
Semana 40 Cosecha Paltas.xlsx,40,2026-09-30,2026-09-30,False,Alvaro Balceras,866.0,80.0
Semana 40 Cosecha Paltas.xlsx,40,2026-09-30,2026-09-30,False,Enrique Ortega,1078.0,80.0
Semana 40 Cosecha Paltas.xlsx,40,2026-09-30,2026-09-30,False,Henry Roca,706.0,80.0
Semana 40 Cosecha Paltas.xlsx,40,2026-09-30,2026-09-30,False,Jhonny Torrejon,930.0,80.0
Semana 40 Cosecha Paltas.xlsx,40,2026-09-30,2026-09-30,False,Lucien Dorme,914.0,80.0
Semana 40 Cosecha Paltas.xlsx,40,2026-09-30,2026-09-30,False,Manuel Vasquez (Ferddy),1202.0,80.0
Semana 40 Cosecha Paltas.xlsx,40,2026-09-30,2026-09-30,False,Marcial Costana,843.0,80.0
Semana 40 Cosecha Paltas.xlsx,40,2026-09-30,2026-09-30,False,Ruben Fabrica,903.0,80.0
Semana 40 Cosecha Paltas.xlsx,40,2026-10-01,2026-10-01,False,Alvaro Balceras,748.0,80.0
Semana 40 Cosecha Paltas.xlsx,40,2026-10-01,2026-10-01,False,Enrique Ortega,706.7,80.0
Semana 40 Cosecha Paltas.xlsx,40,2026-10-01,2026-10-01,False,Henry Roca,485.3,80.0
Semana 40 Cosecha Paltas.xlsx,40,2026-10-01,2026-10-01,False,Jhonny Torrejon,842.0,80.0
Semana 40 Cosecha Paltas.xlsx,40,2026-10-01,2026-10-01,False,Lucien Dorme,666.0,80.0
Semana 40 Cosecha Paltas.xlsx,40,2026-10-01,2026-10-01,False,Manuel Vasquez (Ferddy),852.0,80.0
Semana 40 Cosecha Paltas.xlsx,40,2026-10-01,2026-10-01,False,Marcial Costana,642.0,80.0
Semana 40 Cosecha Paltas.xlsx,40,2026-10-01,2026-10-01,False,Ruben Fabrica,858.0,80.0
